"n_lancamentos","chi_quadrado","p_valor","rejeita_h0"
100,7.52,0.184748968501932,FALSE
300,6.8,0.235944537694522,FALSE
600,4.36,0.498830517951561,FALSE
1000,5.876,0.318472291582095,FALSE
1500,5.984,0.307778903074939,FALSE
3000,3.16,0.675334061479445,FALSE
